{
  "EditUserData" : {
    "transaction" : "EditUserData",
    "sampleCount" : 10,
    "errorCount" : 10,
    "errorPct" : 100.0,
    "meanResTime" : 21039.2,
    "medianResTime" : 21040.0,
    "minResTime" : 21021.0,
    "maxResTime" : 21052.0,
    "pct1ResTime" : 21051.5,
    "pct2ResTime" : 21052.0,
    "pct3ResTime" : 21052.0,
    "throughput" : 0.22568778352027805,
    "receivedKBytesPerSec" : 0.572594591392268,
    "sentKBytesPerSec" : 0.0
  },
  "Total" : {
    "transaction" : "Total",
    "sampleCount" : 40,
    "errorCount" : 10,
    "errorPct" : 25.0,
    "meanResTime" : 5507.025,
    "medianResTime" : 287.5,
    "minResTime" : 273.0,
    "maxResTime" : 21052.0,
    "pct1ResTime" : 21042.0,
    "pct2ResTime" : 21046.9,
    "pct3ResTime" : 21052.0,
    "throughput" : 0.8791788469569422,
    "receivedKBytesPerSec" : 2.0180760544651295,
    "sentKBytesPerSec" : 0.07276406960898521
  },
  "Channel" : {
    "transaction" : "Channel",
    "sampleCount" : 10,
    "errorCount" : 0,
    "errorPct" : 0.0,
    "meanResTime" : 281.0,
    "medianResTime" : 280.0,
    "minResTime" : 273.0,
    "maxResTime" : 291.0,
    "pct1ResTime" : 290.9,
    "pct2ResTime" : 291.0,
    "pct3ResTime" : 291.0,
    "throughput" : 0.42461041993970533,
    "receivedKBytesPerSec" : 0.9404457347883318,
    "sentKBytesPerSec" : 0.04685642329412764
  },
  "Login" : {
    "transaction" : "Login",
    "sampleCount" : 10,
    "errorCount" : 0,
    "errorPct" : 0.0,
    "meanResTime" : 425.30000000000007,
    "medianResTime" : 417.0,
    "minResTime" : 273.0,
    "maxResTime" : 618.0,
    "pct1ResTime" : 613.6,
    "pct2ResTime" : 618.0,
    "pct3ResTime" : 618.0,
    "throughput" : 0.41827003513468297,
    "receivedKBytesPerSec" : 0.9264027731303329,
    "sentKBytesPerSec" : 0.04615675192404216
  },
  "AddUser" : {
    "transaction" : "AddUser",
    "sampleCount" : 10,
    "errorCount" : 0,
    "errorPct" : 0.0,
    "meanResTime" : 282.6,
    "medianResTime" : 283.0,
    "minResTime" : 274.0,
    "maxResTime" : 291.0,
    "pct1ResTime" : 290.9,
    "pct2ResTime" : 291.0,
    "pct3ResTime" : 291.0,
    "throughput" : 0.4245383145828911,
    "receivedKBytesPerSec" : 0.9402860326894502,
    "sentKBytesPerSec" : 0.04684846635533857
  }
}